use db_project;
-- Species --
insert into Species
values ('수룡종');

-- Monster --
insert into Monster
values ('안쟈나프', '수룡종', 0,3,2,2,1, 2,2,2,1,2);

-- Weak Point --
insert into Weak_point
values  
	('안쟈나프', '머리'),
	('안쟈나프', '꼬리');

-- Break Point --
insert into Break_point
values  
	('안쟈나프', '머리'),
	('안쟈나프', '다리'),
	('안쟈나프', '꼬리');

-- How --
insert into HOW
values  
	('꼬리'),
    ('다리');

-- Material --
insert into Material
values  
	('만악룡의어금니+'),
	('만악룡의비늘+'),
	('만악룡의보옥'),
	('만악룡의가죽+'),
    ('만악룡의코뼈+'),
    ('만악룡의역린'),
    ('만악룡의꼬리'),
    ('첨룡골'),
    ('폭염주머니');

-- Get From --
insert into Get_from
values 
   ('안쟈나프', '유실물', '만악룡의어금니+', 1),
   ('안쟈나프', '다리', '만악룡의비늘+', 1),
   ('안쟈나프', '머리', '만악룡의어금니+', 1),
   ('안쟈나프', '머리', '만악룡의보옥', 5),
   ('안쟈나프', '갈무리', '만악룡의비늘+', 1),
   ('안쟈나프', '갈무리', '만악룡의가죽+', 2),
   ('안쟈나프', '갈무리', '만악룡의코뼈+', 2),
   ('안쟈나프', '갈무리', '만악룡의어금니+', 3),
   ('안쟈나프', '갈무리', '만악룡의보옥', 5),
   ('안쟈나프', '갈무리', '만악룡의역린', 5),
   ('안쟈나프', '꼬리', '만악룡의꼬리', 1),
   ('안쟈나프', '꼬리', '만악룡의보옥', 5),
   ('안쟈나프', '퀘스트', '만악룡의가죽+', 2),
   ('안쟈나프', '퀘스트', '만악룡의비늘+', 2),
   ('안쟈나프', '퀘스트', '만악룡의코뼈+', 3),
   ('안쟈나프', '퀘스트', '첨룡골', 3),
   ('안쟈나프', '퀘스트', '폭염주머니', 3),
   ('안쟈나프', '퀘스트', '만악룡의꼬리', 4),
   ('안쟈나프', '퀘스트', '만악룡의역린', 4);

-- Set 이름과 갯수
insert into Set_
values 
	('만악룡의 투지', 2),
	('만악룡의 투지', 4);
    
-- Armor --
insert into Armor
values
	('쟈나프헬름a', '머리', 44, 6000, '만악룡의 투지', 3,-3,-1,-1,0),
    ('쟈나프헬름b', '머리', 44, 6000, '만악룡의 투지', 3,-3,-1,-1,0),
    ('쟈나프메일a', '몸통', 44, 6000, '만악룡의 투지', 3,-3,-1,-1,0),
    ('쟈나프메일b', '몸통', 44, 6000, '만악룡의 투지', 3,-3,-1,-1,0),
    ('쟈나프암a', '팔', 44, 6000, '만악룡의 투지', 3,-3,-1,-1,0),
	('쟈나프암b', '팔', 44, 6000, '만악룡의 투지', 3,-3,-1,-1,0),
	('쟈나프코일a', '허리', 44, 6000, '만악룡의 투지', 3,-3,-1,-1,0),
    ('쟈나프코일b', '허리', 44, 6000, '만악룡의 투지', 3,-3,-1,-1,0),
    ('쟈나프그리브a', '다리', 44, 6000, '만악룡의 투지', 3,-3,-1,-1,0),
    ('쟈나프그리브b', '다리', 44, 6000, '만악룡의 투지', 3,-3,-1,-1,0);

        
-- Making --
insert into Making
values
	('쟈나프헬름a', 	'만악룡의가죽+',	4),
    ('쟈나프헬름a', 	'만악룡의비늘+',	4),
    ('쟈나프헬름a', 	'만악룡의꼬리', 	2),
    ('쟈나프헬름a', 	'폭염주머니', 		3),
    ('쟈나프헬름b', 	'만악룡의가죽+',	4),
    ('쟈나프헬름b', 	'만악룡의비늘+',	4),
    ('쟈나프헬름b', 	'만악룡의꼬리', 	2),
    ('쟈나프헬름b', 	'폭염주머니', 		3),
    ('쟈나프메일a',	'만악룡의가죽+',	6),
    ('쟈나프메일a',	'만악룡의어금니+',	4),
    ('쟈나프메일a',	'만악룡의코뼈+',	2),
    ('쟈나프메일a',	'만악룡의보옥',		1),
    ('쟈나프메일b',	'만악룡의가죽+',	6),
    ('쟈나프메일b',	'만악룡의어금니+',	4),
    ('쟈나프메일b',	'만악룡의코뼈+',	2),
    ('쟈나프메일b',	'만악룡의보옥',		1),
    ('쟈나프암a',		'만악룡의가죽+',	4),
    ('쟈나프암a',		'만악룡의비늘+',	4),
    ('쟈나프암a',		'만악룡의코뼈+',	1),
    ('쟈나프암a',		'첨룡골',			4),
    ('쟈나프암b',		'만악룡의가죽+',	4),
    ('쟈나프암b',		'만악룡의비늘+',	4),
    ('쟈나프암b',		'만악룡의코뼈+',	1),
    ('쟈나프암b',		'첨룡골',			4),
    ('쟈나프코일a',	'만악룡의비늘+',	4),
    ('쟈나프코일a',	'만악룡의가죽+',	3),
    ('쟈나프코일a',	'만악룡의어금니+',	3),
    ('쟈나프코일b',	'만악룡의비늘+',	4),
    ('쟈나프코일b',	'만악룡의가죽+',	3),
    ('쟈나프코일b',	'만악룡의어금니+',	3),
    ('쟈나프그리브a',	'만악룡의비늘+',	4),
    ('쟈나프그리브a',	'만악룡의가죽+',	3),
    ('쟈나프그리브a',	'폭염주머니',		2),
    ('쟈나프그리브b',	'만악룡의비늘+',	4),
    ('쟈나프그리브b',	'만악룡의가죽+',	3),
    ('쟈나프그리브b',	'폭염주머니',		2);
    
-- Skills --
insert into Skilled_Armor
values   
   ('쟈나프헬름a',     '불속성 공격 강화', 2),
   ('쟈나프헬름a',     '불 내성',      	1),
   ('쟈나프헬름b',     '불속성 공격 강화', 2),
   ('쟈나프메일a',     '런너',         	1),
   ('쟈나프메일a',     '특수 사격 강화',	1),
   ('쟈나프메일b',     '런너',         	1),
   ('쟈나프암a',      '특수 사격 강화',	1),
   ('쟈나프암a',      '불속성 공격 강화',	1),
   ('쟈나프암b',      '특수 사격 강화',	1),
   ('쟈나프코일a',   	'불 내성',		2),
   ('쟈나프코일a',     '포술',			1),
   ('쟈나프코일b',     '불 내성',		2),
   ('쟈나프그리브a',	'포술',			2),
   ('쟈나프그리브b',	'포술',			1);
    
insert into Set_skill
values
	('만악룡의 투지', 2, '분발', 1),
    ('만악룡의 투지', 4, '스태미나 한계 돌파', 1);