use db_project;
-- Species --
insert into Species
values ('아룡종');

-- Monster --
insert into Monster
values ('도스쟈그라스', '아룡종', 3,0,2,2,1, 3,3,3,3,3);

-- Weak Point --
insert into Weak_point
values  
	('도스쟈그라스', '머리'),
	('도스쟈그라스', '몸통'),
	('도스쟈그라스', '앞다리');

-- Break Point --
insert into Break_point
values  
	('도스쟈그라스', '머리'),
	('도스쟈그라스', '몸통'),
	('도스쟈그라스', '앞다리');

-- How --
insert into HOW
values  
	('유실물'),
	('앞다리'),
	('머리'),
	('몸통'),
	('갈무리'),
	('퀘스트');

-- Material --
insert into Material
values  
	('적룡의 첨예발톱'),
	('적룡의 갈기'),
	('적룡의 가죽+'),
	('적룡의 비늘+'),
	('용골+');

-- Get From --
insert into Get_from
values 
	('도스쟈그라스', '유실물', '적룡의 첨예발톱', 1),
	('도스쟈그라스', '앞다리', '적룡의 첨예발톱', 1),
	('도스쟈그라스', '머리', '적룡의 갈기', 1),
	('도스쟈그라스', '몸통', '적룡의 가죽+', 1),
	('도스쟈그라스', '갈무리', '적룡의 비늘+', 1),
	('도스쟈그라스', '갈무리', '적룡의 첨예발톱', 2),
	('도스쟈그라스', '갈무리', '적룡의 가죽+', 2),
	('도스쟈그라스', '갈무리', '적룡의 갈기', 3),
	('도스쟈그라스', '퀘스트', '적룡의 가죽+', 1),
	('도스쟈그라스', '퀘스트', '적룡의 비늘+', 2),
	('도스쟈그라스', '퀘스트', '용골+', 2),
	('도스쟈그라스', '퀘스트', '적룡의 갈기', 3),
	('도스쟈그라스', '퀘스트', '적룡의 첨예발톱', 4);

-- Armor --
insert into Armor
values
	('쟈그라스헬름a', '머리', 40, 4000, null, -2,2,-1,-1,1),
    ('쟈그라스헬름b', '머리', 40, 4000, null, -2,2,-1,-1,1),
    ('쟈그라스메일a', '몸통', 40, 4000, null, -2,2,-1,-1,1),
    ('쟈그라스메일b', '몸통', 40, 4000, null, -2,2,-1,-1,1),
    ('쟈그라스암a', '팔', 40, 4000, null, -2,2,-1,-1,1),
	('쟈그라스암b', '팔', 40, 4000, null, -2,2,-1,-1,1),
	('쟈그라스코일a', '허리', 40, 4000, null, -2,2,-1,-1,1),
    ('쟈그라스코일b', '허리', 40, 4000, null, -2,2,-1,-1,1),
    ('쟈그라스그리브a', '다리', 40, 4000, null, -2,2,-1,-1,1),
    ('쟈그라스그리브b', '다리', 40, 4000, null, -2,2,-1,-1,1);

-- Skills --
insert into Skilled_Armor
values   
	('쟈그라스헬름a',  	'빨리 먹기',		2),
	('쟈그라스헬름b',  	'빨리 먹기',		1),
	('쟈그라스메일a',  	'위협',			2),
	('쟈그라스메일b',  	'위협',			1),
	('쟈그라스암a',	'동반자 지휘',		1),
	('쟈그라스암a',   	'위협',			1),
	('쟈그라스암b',   	'동반자 지휘',		1),
	('쟈그라스코일a',	'불굴',          1),
	('쟈그라스코일a',  	'빨리 먹기',		1),
    ('쟈그라스코일b',  	'불굴',			1),
    ('쟈그라스그리브a', '앉아 이동 속도 UP', 1),
	('쟈그라스그리브a', '만족감',			  1),
	('쟈그라스그리브b', '앉아 이동 속도 UP', 1);
        
-- Making --
insert into Making
values
	('쟈그라스헬름a', 	'적룡의 가죽+',	4),
    ('쟈그라스헬름a', 	'적룡의 갈기',		2),
    ('쟈그라스헬름a', 	'적룡의 첨예발톱', 	4),
    ('쟈그라스헬름b', 	'적룡의 가죽+', 	4),
    ('쟈그라스헬름b', 	'적룡의 갈기', 	2),
    ('쟈그라스헬름b', 	'적룡의 첨예발톱', 	4),
    ('쟈그라스메일a', 	'적룡의 가죽+',	2),
    ('쟈그라스메일a', 	'적룡의 첨예발톱', 	4),
    ('쟈그라스메일a', 	'적룡의 비늘+',	4),
    ('쟈그라스메일b', 	'적룡의 가죽+',	2),
    ('쟈그라스메일b', 	'적룡의 첨예발톱',	4),
    ('쟈그라스메일b', 	'적룡의 비늘+',	4),
    ('쟈그라스암a',	'적룡의 비늘+',	4),
    ('쟈그라스암a', 	'적룡의 가죽+',	2),
    ('쟈그라스암a', 	'용골+',			3),
    ('쟈그라스암b', 	'적룡의 비늘+',	4),
    ('쟈그라스암b', 	'적룡의 가죽+',	2),
    ('쟈그라스암b', 	'용골+',			3),
    ('쟈그라스코일a', 	'적룡의 가죽+',	3),
    ('쟈그라스코일a', 	'적룡의 갈기',		3),
    ('쟈그라스코일a', 	'적룡의 비늘+',	4),
    ('쟈그라스코일b', 	'적룡의 가죽+',	3),
    ('쟈그라스코일b', 	'적룡의 갈기',		3),
    ('쟈그라스코일b', 	'적룡의 비늘+',	4),
    ('쟈그라스그리브a', '적룡의 비늘+',	4),
    ('쟈그라스그리브a', '적룡의 가죽+',	2),
    ('쟈그라스그리브a', '적룡의 갈기',		2),
    ('쟈그라스그리브b', '적룡의 비늘+',	4),
    ('쟈그라스그리브b', '적룡의 가죽+',	2),
    ('쟈그라스그리브b', '적룡의 갈기',		2);